{
	"theta1": -0.12902191378381717,
	"theta2": -0.09917377600323124,
	"phi": -1.5720582555534135,
	"phi1": -1.0253730300222008,
	"phi2": 1.3153444560553882,
	"k1": 1.32,
	"k2": 0.467,
	"r1": 1.7777777777777777,
	"r2": 1.7777777777777777,
	"c1": [
		0,
		0,
		4.028
	],
	"c2": [
		0,
		-18.97,
		3.904
	],
	"tconfig": {
		"Dp": 0.01,
		"Mu": 0.01,
		"Z0": 1.7,
		"Ntrials": 100000
	}
}