{
	"theta1": -0.13054623157803985,
	"theta2": -0.09866549989976281,
	"phi1": -1.0209844151080818,
	"phi2": 1.3178399715439213,
	"k1": 1.32,
	"k2": 0.467,
	"c1": [
		0,
		0,
		4.028
	],
	"c2": [
		0,
		-18.97,
		3.904
	]
}