{
	"theta1": -0.12667380796520308,
	"theta2": -0.09888410600936719,
	"phi": -1.5726122195022743,
	"phi1": -1.0307843488599153,
	"phi2": 1.3154904437788397,
	"k1": 1.32,
	"k2": 0.467,
	"c1": [
		0,
		0,
		4.028
	],
	"c2": [
		0,
		-18.97,
		3.904
	],
	"tconfig": {
		"Dp": 0.01,
		"Mu": 0.01,
		"Z0": 1.7,
		"Ntrials": 100000,
		"Plots": {}
	}
}